45,a-bendin,a-comin,a-coming,a-drivin,a-flashing,a-fumblin,a-going,a-leanin,a-meandering,a-meditating,a-running,a-sayin,a-standin,a-stoopin,a-sweating,a-treadin,a-tread’n,a-tremble,a-war-whooping,a-war-whooping,a-way,a-whetting,a-while,a-whirlin,able-bodied,absent-minded,accident-title,acetylene-gas,advance-advertisements,advance-step,after-boat,after-deck,after-dinner,after-wards,age-long,age-worn,aide-de-camp,aide-de-camp,air-blast,air-borne,air-ship,aix-les-bains,aix-les-bains,all-around,all-capitals,all-comprehensive,all-comprehensively,all-pervading,all-powerful,all-resolving,all-round,all-sacrificing,all-sufficient,all-wool,alma-tadema,alms-receivers,alta-california,altar-cloth,altar-cloths,amber-hued,ambition-rousing,american-born,american-japanese,anchor-watch,ancient-history,and-chatter-fog,and-chatter-fog,angel-clay,angel-fish,angel-fishes,angel-fish’s,anglo-indian,anglo-saxon,anti-climax,anti-jewish,anti-semites,appeal-letters,apple-tree,apprentice-like,area-steps,arm-chair,arm-chairs,arrah-na-pogue,arrah-na-pogue,art-architecture,art-family,artificial-ice,au-dessous,augur-holes,axe-bearer,axle-grease,b-o-w,b-o-w,back-bone,back-country,back-settlement,bacon-shakspeare,baden-baden,balance-sheet,bald-headed,ball-room,bank-balance,bank-bill,bank-bills,bank-inspector,bank-notes,bank-statement,banquet-guest,banquet-speech,banquet-speeches,banqueting-hall,bar-room,bar-soap,bare-faced,bare-footed,bare-headed,bargain-day,barn-door,barrel-hoops,bases-voiced,basket-work,bass-voiced,bath-house,bath-room,bath-tub,bath-tubs,bath-tubub,bathing-tent,bathtub-full,batter-cakes,battle-fields,battle-ship,battle-ships,bawgun-strictor,be-praised,beach-comber,bed-chamber,bed-chambers,bed-clothes,bed-ridden,bed-room,bed-roomchamber,bed-rooms,bed-side,bed-time,beer-and-anecdote,beer-and-anecdote,beer-mills,before-mentioned,bell-buttons,bell-strokes,benevolent-looking,best-be,best-best,best-equipped,best-hearted,best-known,best-natured,best-trained,better-meaning,bible-makers,bible-texts,big-hearted,billiard-player,billiard-room,billiard-table,billiard-tables,bird-story,birth-annivesary,birth-date,birth-day,birth-right,biscuit-crumbs,biscuit-toss,bitter-almond,black-and-white,black-and-white,black-board,black-walnuts,blacking-box,blank-blank,blanket-tent,blood-curdling,blood-kin,blood-money,blood-red,blood-thirsty,blood-transfusion,blue-clay,blue-jay,blue-pencil,blue-penciled,blue-points,blue-room,boa-constrictor,boarding-house,boarding-houses,boarding-place,boat-load,body-guard,body-guards,body-servant,boiler-deck,boiler-iron,boiling-point,booby-hatch,book-acquired,book-buyer,book-collecting,book-compositors,book-keeper,book-list,book-making,book-money,book-rights,book-royalties,book-shop,book-stall,book-study,boot-black,boot-leather,boot-legs,boot-tops,boss-ship,bounty-expense,bounty-jumper,bowie-knives,bowling-alley,bowling-alleys,box-makers,box-office,boxing-ring,boy-brother’s,boy-paradise,boyhood-life,brain-cells,brain-fever,branch-lie,branch-lies,brand-new,brass-banded,bread-and-butter,bread-and-butter,bread-crumbs,bread-ration,bread-winners,break-line,breakfast-room,breakfast-table,breakfast-time,breast-board,breath-taking,breeding-place,bric-a-brac,bric-a-brac,bric-aà-brac,bric-aà-brac,bric-aà-bracs,bric-aà-bracs,bric-or-bracers,bric-or-bracers,bric-à-brac,bric-à-brac,bric-à-bracs,bric-à-bracs,brick-and-mortar,brick-and-mortar,brick-bats,brick-layers,brick-yard,brigadier-general,brigadier-generalship,bright-eyed,bright-hued,bright-looking,broad-minded,brooke-hitching,brooklyn-new,brother-in-law,brother-in-law,brother-in-law’s,brother-in-law’s,brown-clad,browny-yellery,buckle-holes,buff-colored,bull-fight,bull-voice,bullet-holes,bull’s-eye,burglar-alarm,burial-case,bushy-headed,business-fortnight,business-like,business-talk,business-talks,business-transaction,business-wise,butcher-knife,butter-beans,butter-cask,butter-timber,button-hole,button-holes,buzz-saw,by-and-by,by-and-by,by-and-bye,by-and-bye,by-gone,by-laws,c-r-o-i-s-e-t,c-r-o-i-s-e-t,c-r-o-i-s-e-t,c-r-o-i-s-e-t,c-r-o-i-s-e-t,c-r-o-i-s-e-t,cabbage-leaf,cabin-mate,cable-note,cal-culated,cal-led,california-wards,call-paying,camel’s-hair,camp-meetings,campbell-bannerman,camping-ground,canal-boat,canal-boats,candle-box,candle-drippings,candle-grease,candle-mold,candle-mould,candy-pull,candy-shop,cannon-ball,cape-to-cairo,cape-to-cairo,car-change,carbuncle-angel,carbuncle-expert,card-table,care-free,care-taking,care-worn,carpet-sack,carriage-house,carrying-on,carte-de-visite,carte-de-visite,carving-knife,case-men’s,cast-iron,castor-oil,cat-heads,cat-nap,cattle-car,cattle-pasturing,cattle-thiefves,cattle-thieves,cement-mine,cerebro-spinal,cerretani-twains,chain-mail,chamber-maid,character-building,character-charts,charnel-house,check-book,cheer-killing,cheese-box,chequer-board,chewing-tobacco,chica-a-ago,chica-a-ago,chicken-livered,chief-justice,chimney-corner,choppings-up,christian-like,christmas-eve,chuckle-headed,chuckle-heads,church-charity,church-time,cigar-box,cigar-making,cigar-shop,cigar-smoke,circular-saw,circus-costumes,circus-tent,city-transportation,clap--trap,clap--trap,clap-trap,claret-glass,cleanly-clothed,cleanly-printed,clear-cut,clear-headedness,clear-souled,clearer-headed,clew-iron,clock-face,clock-like,clog-dance,clog-dances,clog-dancing,close-fitting,cloth-covered,clothes-basket,clothes-closet,clothes-line,clothes-rack,club-house,clue-iron,co-operative,co-partnership,coal-black,coal-chute,coal-oil,coal-rooms,coat-of-arms,coat-of-arms,coat-pocket,coat-tail,coat-tails,cobble-stone,cockney-nigger,cocoa-nuts,coke-rooms,cold-blooded,cold-storage,college-bred,college-girl,color-scheme,com-fortablyplacently,commander-in-chief,commander-in-chief,commanders-in-chief,commanders-in-chief,commemoration-assessments,commemoration-money,committee-chairmen,common-place,common-seaman’s,common-sense,composing-machine,composing-room,composing-rooms,con-ducting,conductor-devil,confi-dential,consul-general,consul-generalship,contribution-box,copper-colored,copper-tinged,copy-right,copyright-anguishes,copyright-expired,copyright-life,cord-wood,corn-bread,corn-cob,corn-cobs,corn-crib,corn-dodger,corn-pone,corn-sprouts,correspondence-job,cotton-domestic,counter-clerks,counter-reasonings,counting-room,counting-rooms,country-bred,county-seat,courage-bump,courier-post,court-bred,court-circular,court-house,court-room,courteously-discourteous,cow-boys,cow-catcher,crater-bowl,criss-cross,cross-examination,cross-examining,cross-questioning,cross-roads,crossed-out,crushed-strawberry,crusthed-strawberry,crystal-clear,crystal-izing,cty-br,cu-mark,cub-pilot,cuban-spanish,cubby-hole,cup-bearer,cup-bearer’s,curb-stones,curly-headed,cushion-like,cut-throat,cut-ups,d-e-e-p,d-e-e-p,d-e-e-p,damp-nurse,damp-nurses,dancing-room,danger-point,danger-signal,dare-devil,day-dream,day-dreaming,day-king’s,ddoctor-lies,dead-certain,dead-room,dear-dear,dearly-prized,death-bed,death-blow,death-dealing,death-in,death-in-life,death-in-life,death-notices,death-rate,death-room,death-strokes,death-struck,death-wafer,death-warrant,death-warrants,death-white,death-whitewhite,deep-lying,deep-sea-going,deep-sea-going,deep-sunk,deer-stealing,degree-finds,delivery-tubes,delivery-wagons,deputy-sheriff,deputy-sheriffs,desert-trip,devil’s-witchcraft,dew-beads,dictation-date,dictation-industry,dim-lighted,dime-novel,dime-novels,dining-room,dining-rooms,dining-table,dinner-bell,dinner-course,dinner-party,dinner-table,dis-inclination,dishonesty-charge,display-display,display-head,display-heading,display-heads,disreputable-looking,distinguished-looking,district-attorney,ditch-digging,dive-keeper,dividend-paying,do-weels,doctor-lies,dog-size,dollars-and-a-half,dollars-and-a-half,dollars-and-a-half,door-drapery,door-knob,door-mat,door-mats,double-barreled,double-bedded,double-chins,double-great-primer,double-great-primer,double-handful,double-rainbow,double-size,down-hill,down-stairs,down-stream,down-town,down-trodden,draft-horse,drag-out,drawing-room,dream-glimpses,dream-land,dream-stuff,dress-changes,dress-clothes,dress-suits,dress-vest,dressing-bureau,dressing-gown,dressing-room,dressing-table,dried-up,drop-curtains,drum-major,dry-goods,dueling-ground,dueling-law,dueling-terms,duelling-field,duelling-ground,dull-brown,dusted-off,dusting-off,duty-mill,dwelling-house,dwelling-place,each--other,each--other,each-other,ear-marks,ear-splitting,ear-trumpet,east-northeast,east-south-east,east-south-east,east-southeast,easy-going,easy-laughing,editor-in-chief,editor-in-chief,editorial-mill,eight-hundred-dollar,eight-hundred-dollar,eight-twelfths,eighteen-inch,eighty-eight,eighty-eighth,eighty-five,eighty-four,eighty-one,eighty-six,eighty-sixth,eighty-two,elbow-mates,elbow-neighbor,elbow-neighbors,election-money,em-space,emergency-courage,emergency-experiences,emergency-liar,emergency-reserve,end-feathers,end-for-end,end-for-end,end-joint,ener--energy,ener--energy,english-american,english-speaking,epoch-making,estate-agency,etiquette-book,euchre-game,europe-bound,ever-and-ever,ever-and-ever,ever-bubbling,ever-changing,ever-memorable,ever-recurring,ever-watchful,every-body,evil-doer,ex-actor,ex-californians,ex-commodores,ex-governor,ex-preacher,ex-president,ex-president’s,ex-senator,ex-slave,ex-soldiers,ex-sunday-school,ex-sunday-school,excursion-comrade,excursion-letters,excursion-parties,execution-day,experience-worn,expired-copyright,express-train,eye-brows,eye-sight,eye-skip,eye-witness,eye-witnesses,eye-witness’s,fair-dealing,fair-fax,fairy-play,fairy-tale,faith-doctor,falling-out,famine-call,fan-shape,far-distant,far-off,far-reaching,far-seeing,far-sightedest,far-spreading,far-stretching,far-west,far-western,farm-house,farm-houses,farmer-looking,fashion-plates,fat-wits,father-in-law,father-in-law,father-in-law’s,father-in-law’s,fault-finding,fault-findings,feather-duster,feather-dusters,feed-stores,feeding-place,feeding-task,feet-foot,fellow-citizens,fellow-craft,fellow-craftsmen’s,fellow-creature,fellow-member,fellow-officer,fellow-passenger,fellow-passengers,fellow-pupils,felt-like,fence-rail,ferry-boat,ffeather-dduster,field-marshall,fifteen-ball,fifteen-dollar,fifteen-thousand-dollar,fifteen-thousand-dollar,fifteen-year-old,fifteen-year-old,fifty-cent,fifty-dollar,fifty-eight,fifty-five,fifty-fivethree,fifty-four,fifty-nine,fifty-one,fifty-pound,fifty-second,fifty-seven,fifty-seventy-ton,fifty-seventy-ton,fifty-six,fifty-sixth,fifty-thirty-eight,fifty-thirty-eight,fifty-thousand-dollar,fifty-thousand-dollar,fifty-three,fifty-two,fifty-year,fifty-years,fig-leaf,figure-heads,filling-in,fine-print,finger-ends,fire-assayed,fire-auction,fire-bells,fire-coals,fire-escapes,fire-fiend’s,fire-light,fire-opal,fire-place,fire-place-front,fire-place-front,fire-places,fire-red,fire-side,fire-wood,fire-works,fireplace-front,firm-bodied,first-born,first-class,first-edition,first-floor,first-rate,first-water,fish-wife,fiske-cornell,fitz-john,five-cent,five-day,five-millionth,five-minute,five-pound,five-sixths,flame-tongues,flap-jack,flap-jacks,flesh-colored,floor-space,flower-bed,flower-pots,fly--paper,fly--paper,flying-fish,fog-horn,folding-doors,foot-ball,foot-hills,foot-note,foot-prints,foot-soldier,foot-soldiers,foot-stool,footing-up,fore-gathering,fore-tooth,forest-clad,forest-slopes,forever-recurring,fortnight-foreman,fortune-teller,fortune-tellers,fortune-teller’s,forty-eight,forty-first,forty-five,forty-four,forty-gallon,forty-mile,forty-nine,forty-one,forty-second,forty-seven,forty-seventh,forty-six,forty-three,forty-three-dollar,forty-three-dollar,forty-ton,forty-two,forty-two-year,forty-two-year,forty-year,fountain-head,fountain-pen,four-and-a-quarter,four-and-a-quarter,four-and-a-quarter,four-and-odd,four-and-odd,four-dollar,four-fifths,four-hundred-dollar,four-hundred-dollar,four-mile,four-minute,four-servant,four-syllable,four-year,four-year-old,four-year-old,fourteen-day,fourteen-year-old,fourteen-year-old,franco-prussian,frankfort-on-the-main,frankfort-on-the-main,frankfort-on-the-main,free--masonries,free--masonries,free-choice,free-handed,free-list,free-spoken,free-thinkers,freight-depôt’s,freight-piles,french-walnut,fresh-faced,freshened-up,frontier-line,frying-pan,full-charged,full-grown,fund-raising,furnace-fires,furnace-heat,galley-proof,galley-proofs,galley-slip,gallows-frame,gambling-dens,game-bag,garboard-strake,gate-posts,generalization-basket,gentle-faced,gentlemen-in-waiting,gentlemen-in-waiting,ghost-story,gilt-edged,ginger-bread,girl-wife,glass-door,glass-fronted,god-knows-what,god-knows-what,god-speed,gold-deposit,gold-dust,gold-headed,gold-miners,gold-mines,gold-mining,gold-seekers,gold-washed,good-by,good-bye,good-byes,good-bys,good-enough,good-fellowship,good-fortune,good-hearted,good-humored,good-looking,good-nature,good-natured,good-naturedly,good-night,good-sized,good-will,goody-goody,governor-general,grain-broker,grammar-school,grand--father,grand--father,grand-daughter,grand-daughters,grand-father,grape-growing,grass-clad,gratis-platform,grave-stones,gravel-train,gray-eyed,gray-haired,gray-headed,gray-heads,great-grandchildren,great-grandfather,great-grandparents,great-heart,great-hearted,green-room,grey-eyed,grindstone-man,grindstone-man’s,grotesquely-dressed,ground-floor,grown-up,grown-ups,guard-rail,guest-book,guest-rooms,guide-boards,guide-books,h-a-l-f,h-a-l-f,h-a-l-f,h-e-l-l,h-e-l-l,h-e-l-l,h-weat,h-wich,hack-industry,hack-rates,hack-system,hair--pin,hair--pin,hair-brushes,hair-pin,hair-tails,half-a-dozen,half-a-dozen,half-a-hundred,half-a-hundred,half-a-mile,half-a-mile,half-affronted,half-afternoon,half-asleep,half-box,half-breed,half-century,half-circle,half-column,half-consciously,half-cord,half-cords,half-crushed,half-curing,half-dollars,half-dozen,half-dressed,half-finished,half-flattering,half-foreign,half-gasps,half-handful,half-hearted,half-hour,half-hour’s,half-intelligent,half-lunatic,half-mile,half-minute,half-open,half-ounces,half-partner,half-past,half-profit,half-shell,half-soling,half-stranger,half-title,half-waking,half-way,half-wild,half-witted,half-wrecked,hall-mark,hall-way,ham-bone,ham-rags,hand-bag,hand-book,hand-clap,hand-made,hand-organ,hand-painted,hand-prints,hand-shake,hand-shakes,hand-shaking,hand-springs,hand-to-hand,hand-to-hand,hand-tohand,hard-driven,hard-earned,hard-hearted,hard-worked,hard-working,hardly-discernible,hat-rack,hay-cutting,hay-ride,hay-seeds,hay-wagon,he-waw,head-dresses,head-quarters,head-skinned,head-waters,headquarters-tent,health-giving,health-restoring,heaped-up,heard-of,heart-break,heart-breaking,heart-breakingly,heart-broken,heart-burnings,heart-free,heart-strings,heart-whole,hearth-stone,hearth-stones,heaven-born,heaven-sent,heavy-artillery,heavy-foliaged,heavy-hearted,heavy-laden,heavy-weight,heel-cup,hell-fire,hell-fired,helter-skelter,henniker-heaton,henniker-heaton’s,herb-medicine,hero-act,hickory-nuts,hickory-trees,hiding-place,hiding-places,high-born,high-ceiled,high-class,high-flown,high-keyed,high-minded,high-mindedness,high-pitched,high-principled,high-sounding,high-voiced,high-water,highest-priced,highly-displayed,highway-men,hill-climbing,hill-spurs,history-making,hobby-rider’s,hof-fähig,hog-pen,hog-wash,holiday-show,home-made,home-work,honey-worded,honys-sneeze,hoo-hooing,hoop-skirt,hop-skip-and-jumpkinson,hop-skip-and-jumpkinson,hop-skip-and-jumpkinson,hoped-for,horse-billiards,horse-car,horse-doctor,horse-feed,horse-hair,horse-race,horse-races,horse-thief,horse-trading,horse-whippings,horseback-flight,hos-pitals,hospital-annexes,hot-air,hot-cakes,hot-eyed,hotel-advertisements,house-breaking,house-carles,house-cat,house-cat’s,house-cellar,house-emptiers,house-entrance,house-filler,house-fillers,house-fly,house-front,house-maids,house-raising,house-servants,house-snakes,house-to-house,house-to-house,house-tops,house-walls,how-come-you-so,how-come-you-so,how-come-you-so,hum--bly,hum--bly,humming-bird,humor-bump,humor-lovers,hundred-dollar,hundred-fold,hundred-millionaires,hundredbathtub-full,hunting-case,hurly-burly,hurricane-deck,hymn-book,hyper-critical,ice-cream,ice-crust,ice-forms,ice-pails,ice-water,identification-shell,ill-bred,ill-gotten,ill-luck,ill-mannered,ill-suited,ill-timed,ill-will,im-possible,important-unimportant,imposing-stone,in-tentionally,indian-corn,ink-stands,inquiry-letters,inside-out,inspection-tramp,inter-state,interest-bearing,interpreting-trade,inu-li,invention-mill,invention-millel,invitation-card,inward-bound,ir-reverence,iron-bound,iron-gray,iwan-muller,jack-legged,jack-plane,jack-rabbit,jack-the-rippers,jack-the-rippers,jay-hawker,jay-hawkers,joan-enthusiast,job-lot,job-office,job-printing,job-printing-office,job-printing-office,joiner-work,joker-chiefs,joseph-statement,journey-men,june-clad,junk-shop,kind-hearted,kindly-meaning,king-bee,kitchen-annex,kneip-room,knife-blade,knuckle-bone,lady-killer,lady-like,lager-beer,land-bird,land-locked,land-lord,land-marked,land-owner,landing-net,language-studies,lapel-pin,lapis-lazuli,large-hearted,large-minded,last-mentioned,latch-key,laughter-and-chatter,laughter-and-chatter,laughter-compeller,law-book,law-maker,law-makers,law-making,lawsuit-threat,lay-out,leading-up,lean-to,leather-headed,lecture-agent,lecture-excursions-flights,lecture-excursions-flights,lecture-field,lecture-flights,lecture-hall,lecture-money,lecture-raid,lecture-skirmish,lecture-times,lecture-tour,lecture-towns,left-hand,left-handed,left-over,leg-bone,lemon-colored,lemon-pie,lesson-time,letter-answering,leveson-gower,levison-gower,li-hung-chang,li-hung-chang,li-hung-chuang,li-hung-chuang,lieutenant-colonel,lieutenant-general,lieutenant-generalin,life-boat,life-boats,life-days,life-line,life-long,life-restoring,life-savers,life-saving,life-size,life-source,life-term,life-time,life-voyage,light-heartedness,light-throwing,light-year,light-years,lightning-bug,lightning-express,lightning-rod,ligntning-express,lignum-vitae,lime-light,limited-practice,linsey-wolsey,liqueur-glassful,little-boy,little-neck,living-room,llife-saving,llife-ssaving,locked-up,log-cabin,log-house’s,long-ago,long-boat,long-continued,long-delayed,long-departed,long-descended,long-distance,long-drawn,long-eared,long-experienced,long-forgotten,long-gone,long-hand,long-handled,long-headed,long-hoped-for,long-hoped-for,long-invisible,long-legged,long-lived,long-neglected,long-past,long-promised,long-reign,long-run,long-sustained,long-time,long-vanished,long-winded,longed-for,looked-for,looky-here,lop--sided,lop--sided,lop-sided,loud-colored,love-feast,love-letter,love-making,love-notes,low-lying,low-railed,low-rate,low-spirited,low-temperature,low-voiced,lower-case,lowest-down,lowest-priced,lucifer-match,lunch-table,lunch-time,lying-malady,lyings-in,m-a-r-k,m-a-r-k,m-a-r-k,ma-ma,mac-donnell,machine-like,machine-made,mahogany-room,maid-servants,main-spring,main-to’gallant,major-gen,major-general,major-generalship,make-believe,make-believes,make-sh,make-shift,make-up,make-ups,mamma-partridge,mamma-turkey,man-made,man-of-war,man-of-war,man-servant,manhood-testing,mantel-piece,mantel-pieces,mantel-shelf,manuscript-book,manuscript-reading,maple-sugar,marble-white,mark-twain-loving,mark-twain-loving,mark-twain’-loving,mark-twain’-loving,martyr-maker,mass-meeting,master-idiot,master-minds,match-box,match-making,matter-of-course,matter-of-course,matter-of-fact,matter-of-fact,may-day,mayo-collier,mealy-mouthed,mean-spirited,medicinal-water,medicine-bottles,medicine-times,meditation-breeding,memorandum-books,men-at-arms,men-at-arms,mendicant-creating,merwin-clayton,mid-afternoon,mid-atlantic,mid-day,mid-dinner,mid-july,mid-october,mid-sentence,mid-sixties,mid-winter,middle-age,middle-aged,middle-ground,middle-life,middle-man,middle-west,midnight-oil,mile-long,mile-posted,mile-range,mile-stone,mile-stoned,mile-stretch,milk-punch,million-fold,million-mile,minature-artists,mince-meat,mind-cure,miniature-artists,minnie-cat,minstrel-fashion,minstrel-show,miracle-breeding,mis-heard,mis-misappreciated,mis-stated,mis-statement,mizzen-yard,molly-coddles,money-bags,money-box,money-coining,money-finds,money-getting,money-grabbing,money-grubbing,money-makers,monkey-shines,mono-rail,morning-service,morris-barnes,mortar-boarded,moss-backed,moss-grown,mother-cat,mother-heart,mother-help,mother-love,mountain-hut,mountain-ranges,mountain-side,mountains-ranges,much-advertised,much-edited,much-sacrificing,mud-cats,multi-billionaire,multi-millionaire,multi-millionaires,multiplication-table,musk-melons,musketry-clatter,mustard-plasters,muster-roll,napkin-rings,narrow-minded,narrow-mindednesses,natural-history,near-by,near-sightedness,neck-cloth,neer-do-weels,neer-do-weels,negro-minstrel,negro-quarter,negro-show,nephew-in-law,nephew-in-law,nerve-wrecking,never-ceasing,never-failing,never-perishing,new-blown,new-born,new-englander,new-fangled,new-named,new-time,new-year,new-year’s,new-york,new-yorker,newel-post,newly-born,newnham-davis,newspaper-account,next-to-nothing-and-none-to-carry,next-to-nothing-and-none-to-carry,next-to-nothing-and-none-to-carry,next-to-nothing-and-none-to-carry,next-to-nothing-and-none-to-carry,next-to-nothing-and-none-to-carry,ne’er-do-weels,ne’er-do-weels,nickel-plated,nickle-plated,nigger-show,night-and-day,night-and-day,night-fall,night-mares,nine-day,nine-tenths,nine-year,nineteen-twentieths,ninety-eight,ninety-five,ninety-nine,ninety-six,ninety-two,no-account,no-one,no-party,non-advertising,non-committal,non-disabling,non-essential,non-examiners,non-existent,non-progressionist,nonsense-entertainment,north-east,north-west,nor’-nor’east,not-sufficiently-g,not-sufficiently-g,not-sufficiently-known,not-sufficiently-known,not-visible,note-book,note-books,note-paper,now-a-days,now-a-days,now-and-then,now-and-then,nurse-maid,object-lesson,object-lessons,ocean-puddle,off-hand,office-clerk,office-holders,office-seeking,oil-painting,old-age,old-comrade,old-english,old-fashioned,old-gold,old-maid,old-maiden,old-master,old-time,old-world,one-actor,one-eleventh,one-fifth,one-fourth,one-gallon,one-half,one-hundredth,one-night,one-nine,one-ninth,one-quarter,one-servant,one-sided,one-tenth,one-third,one-word,open-work,opera-audience,opera-force,opera-glass,opera-perspectives,ore-pile,osten-si,other-worldly,out-bray,out-coincidences,out-door,out-doors,out-fit,out-going,out-live,out-of-the-way,out-of-the-way,out-of-the-way,out-sell,out-talk,outline-sketch,over-abused,over-blushed,over-boldly,over-cerebration,over-charge,over-confidence,over-done,over-dressed,over-eating,over-elaborated,over-embarrassed,over-exerting,over-fatigued,over-flattered,over-full,over-good,over-heated,over-impassioned,over-lived,over-look,over-looking,over-matched,over-occupied,over-pay,over-praising,over-remarkable,over-running,over-stated,over-study,over-sufficient,over-tax,over-taxing,over-wise,over-work,over-worked,overcoat-closet,overhead-row,oyster-stew,paid-up,pain-killer,pains-taking,pains-takingly,pall-bearer,palm-leaf,pan-washings,paper-cutter,paper-hanger,paper-makers,paper-mill,parti-colored,passer-by,past-master,pasted-up,patent-expenses,patent-leather,patent-right,pau-pak-keewis,pau-pak-keewis,pau-puk,pau-puk-keewis,pau-puk-keewis,paving-stones,pay-platform,pay-roll,pay-ticket,peach-bloom,peach-bloomy,peanut-stand,peat-rooms,pen-name,pen-stroke,pen-wiper,penny-a-liner,penny-a-liner,penny’s-worth,pent-house,per-cent-profit,per-cent-profit,perfect-oval,perpetual-copyright,peters-twichell,pew-rent,pf-slc,phillips-exeter,piano-playing,picture-book,picture-books,picture-galleries,picture-making,piety-ending,piety-mouthing,pigeon-hole,pigeon-holed,pigeon-holes,pigeon-roost,pillar-box,pilot-house,pin-sticking,pince-nez,pine-knot,pine-needles,pink-belted,pious-looking,piping-hot,pirate-rates,pistol-duel,pistol-shot,pistol-shots,plague-reeking,plain-spoken,plate-armor,plate-mail,platform-performances,play-acting,play-bills,play-thing,played-out,pocket-book,pocket-books,pocket-miner,pocket-miners,pocket-mining,pocket-prayerbooks,poet-daughter,poker-clergy,police-dogs,politico-social,poo-poo’d,poor--house,poor--house,pop-eyes,porte-cocheère,porte-cochère,portrait-sketchers,possum-hunts,post-card,post-cards,post-graduate,post-master’s,post-office,post-pliocene,post-roads,post-stamps,postage-stamps,postal-check,postal-deliveries,postmaster-general,postmasters-general,poverty-stricken,pow-wow,prairie-chicken,prairie-chickens,prayed-for,prayer-books,prayer-meeting,prayer-meetings,pre-adamite,present-hunting,president-general,pretext-holidays,price-raiser,printing-house,printing-ink,printing-office,printing-paper,printing-plant,printing-press,prison-bars,prize-composition,prize-fighter,prize-fighters,prize-fighting,pro-slavery,profoundly-revered,promise-keeper,proof-reader,proof-sheets,property-right,prophecy-gun,proprietor-in-chief,proprietor-in-chief,pseudo-holmes,public-school,public-spirited,publishing-house’s,pudden-head,pulse-beat,pulse-stirring,put-up,quarter-boats,quarter-day,quarter-deck,quarter-r-r,quarter-r-r,quartz-mill’s,question-asking,question-mark,r-o-w,r-o-w,rag-picker,rain-washed,rare-book,rat-eyed,rat-poison,re-arrange,re-arranged,re-arranging,re-asserted,re-awakening,re-baptises,re-baptizes,re-begin,re-born,re-breaking,re-costume,re-delivering,re-election,re-engagement,re-entered,re-establish,re-framing,re-giving,re-locating,re-publish,re-publishing,re-read,re-shouted,re-telling,re-utter,re-write,reading-campaign,reading-desk,reading-tour,ready-charged,ready-made,rear-admiral,reception-room,record-book,record-service,recreation-reading,red-eyed,red-headed,red-hot,red-just-her,red-just-her,red-upholstered,reflecting-mill,reform-compelling,regulation-list,republican-party,respect-worthy,resting-place,retaining-walls,return-compliments,return-to-virtue,return-to-virtue,return-visits,return-voyage,return-walk,revenge-record,revival-catch,riding-school,riff-raff,right-acting,right-end,right-feeling,right-hand,right-side,rightly-named,ring-leader,riverdale-on-hudson,riverdale-on-hudson,riverdale-on-the-hudson,riverdale-on-the-hudson,riverdale-on-the-hudson,roast-apples,rod-case,rog-ers,roosevelt-long,rose-colored,rose-diamond,rose-flush,rosetta-stone,rough-coated,rough-edged,rough-riderism,rough-shod,roughly-reared,round-trip,royalty-advance,royalty-reserve,rpb-jh,rub-a-dub-dub,rub-a-dub-dub,rub-a-dub-dub,s-o-w,s-o-w,sabbath-breaking,sabre-duel,sad-faced,saddle-boils,safe-guard,sage-brush,sage-bush,sage-hen,sailing-vessel,sailor-man,saint-gaudens,saint-gaudens’s,salmon-colored,salvation-excursion,sausage-mill,saw-log,saw-teeth,sawed-off,say-so,scare-heads,scarlet-fever,school-books,school-boy,school-boys,school-bully,school-children,school-day,school-days,school-fellows,school-girl,school-girls,school-house,school-mate,school-mates,school-room,school-teacher,schumann-heink,scotch-presbyterian,scrap-book,scrap-booked,scrap-booking,scuttle-butt,sea-bathing,sea-going,sea-story,sea-voyage,sea-weed,search-party’s,seating-capacity,second-best,second-class,second-hand,second-rates,second-tenor,secretary-work,see-saw,self-admiration,self-admiring,self-advertising,self-appreciation,self-appreciative,self-centered,self-centred,self-complacencies,self-complacency,self-complacent,self-conceit,self-conscious,self-consciously,self-consciousness,self-constituted,self-contained,self-contempt,self-convicted,self-correction,self-delusions,self-denial,self-dependent,self-educated,self-important,self-love,self-made,self-possessed,self-possession,self-raising,self-recognition,self-reproach,self-reproaches,self-reproachful,self-respect,self-respect’s,self-respet’s,self-righteous,self-rising,self-sacrifice,self-sacrificing,self-same,self-satisfied,self-seeking,self-slaughter,self-slaughter-machine,self-slaughter-machine,self-upbraidings,semi-centennial,semi-notorieties,sentimen-talism,sergeant-at-arms,sergeant-at-arms,serpent-like,seven-and-a-half,seven-and-a-half,seven-and-a-half,seven-cent,seven-eighths,seven-hundred-and-fifty-dollar,seven-hundred-and-fifty-dollar,seven-hundred-and-fifty-dollar,seven-hundred-and-fifty-dollar,seven-thirty,seventeen-jointed,seventh-rate,seventy-eight,seventy-five,seventy-four,seventy-one,seventy-seven,seventy-third,seventy-three,seventy-ton,seventy-two,several-voiced,shadow-shapes,shake-down,shake-up,sharp-pointed,sheet-iron,shell-colors,shell-fish,shell-removing,shilly-shallying,shin-skinnings,ship-fare,ship-going,ship-mates,ship-money,ship-talk,ship-wrecked,ship-yard,shirt-buttons,shirt-front,shirt-waist,shoe-latchets,shoe-maker,shoemaker-work,shooting-match,shop-marks,shop-worn,shopping-errands,shopping-purchases,short-hand,short-handed,shot-gun,shoulder-blades,show-case,show-cases,show-up,siamese-twin,sick-bed,sick-chamber,sick-room,side-excursions,side-issue,side-road,side-saddle,side-show,side-track,signal-lantern,signal-posts,silk-and-satin,silk-and-satin,silver-bearing,silver-mining,silver-tongued,simon-pure,simple-hearted,simple-looking,simple-minded,single-barreled,single-barrelled,single-plank,sister-in-law,sister-in-law,sitting-room,sitting-rooms,six-footer,six-inch,six-seat,six-shooter,sixteen-page,sixteen-year-old,sixteen-year-old,sixty-eight,sixty-five,sixty-foot,sixty-four,sixty-nine,sixty-ninth,sixty-one,sixty-seven,sixty-seventh,sixty-three,sixty-ton,sixty-two,sixty-year,sizzling-point,skating-rink,skin-clad,skinned-shinnings,skip-jacks,skull-cap,sky-piercing,sky-scraper,sky-scrapers,slang-mongers,slap-jacks,slave-holders,slave-holding,slave-power,sleepy-headed,slow-drifting,slow-minded,small-fry,small-salaried,smoke-appetite,smoke-charged,smoke-house,smoking-cabin,smoking-car,smoking-klatch,smoking-room,smoking-tobacco,smooth-tongued,smoothing-iron,snap-shot,snapping-turtles,snatched-on,sneak-thieves,snow-drifts,snow-drive,snow-flecked,snow-line,snow-shovel,snow-slush,snow-storm,snow-storms,snow-white,snuff-bladder,so-called,so-on,soap-bubble,soap-bubbles,soap-dish,social-democrats,society-gentleman,society-training,soda-water,soft-headed,soft-hearted,soldier-camp,soldier-fashion,soldier-pensions,sommon-sense,soon-abandoned,sore-throats,sought-after,sought-for,soul-destroying,soul-wearing,soup-and-bouill,soup-and-bouill,south-east,south-eastern,south-twang,southeast-by-south,southeast-by-south,spark-arrester,speaking-tube,special-train,spectacle-case,speech-making,speech-vehicle,spell-binder,spelling-book,spider-like,spinning-wheel,spirit-level,spirit-quieting,spirit-reviving,spirit-rotting,spirit-stirring,spiritual-philosophical,splint-bottom,split-bottomed,spoon-bowl,spoon-handle,spoon-shaped,spume-flakes,spy-glass,squirrel-hunts,staats-zeitung,stage-coach,stage-direction,stage-directions,stage-driver,stage-facility,stage-fright,stage-manager,stage-properties,stage-property,stage-struck,stage-wait,stage-waits,stand-by,stand-up,stand-up-in-the-corner,stand-up-in-the-corner,stand-up-in-the-corner,stand-up-in-the-corner,standing-space,star-spangled,starting-point,starvation-point,starvation-regime,state-man’s,statute-book,staying-power,steady-going,steam-heated,steam-presses,steam-whistle,steamboat-races,steel-trap,stem-winder,step-ladder,step-nephew,stern-line,stiff-legged,still-hunt,stillff-legged,stock-dealers,stock-holders,stock-speculation,stomach-turning,stone-blind,stone-cutter’s,stone-deaf,stone-mason,stooand-up-in-the-corner,stooand-up-in-the-corner,stooand-up-in-the-corner,stooand-up-in-the-corner,stop-watch,store-rooms,storm-cloud,storm-wind,story-telling,stove-pipe,strawberry-plants,street-sweeper,string-and-piano-band,string-and-piano-band,string-and-piano-band,string-beans,strong-arm,strongly-worded,stuck-up,stud-farm,student-chapter,sub-agencies,sub-agent,sub-agents,sub-cellars,sub-head,subscription-book,subscription-gatherer,substitute-preacher,succession-shadow,such-like,sugar-bowl,sugar-coated,summer-clothed,summer-end,summer-heat,summer-heats,summer-resorters,summer-time,sun-bursts,sun-glare,sun-illumined,sun-lit,sun-spots,sun-syracuse,sunday-school,sunday-schools,sunset-flush,super-early,super-excellent,super-human,supper-table,surface-miner,surface-miners,surface-mining,surgery-work,swallow-tail,swallow-tails,swearing-off,sweat-shop,sweeper-out,sweet-heart,sweet-potatoes,sweet-smelling,sweetly-winning,swimming-pools,sword-canes,sword-fish,t-w-a-i-n,t-w-a-i-n,t-w-a-i-n,t-w-a-i-n,table-cloth,table-drawer,table-ware,tail-coat,tail-end,tail-feathers,talking-speed,tallow-candle,tallow-candles,tally-ho,tan-yard,tape-line,tape-worm,target-excursion,tariff-revision,tax-free,tea-kettle,tea-pot,tea-set,tea-spoonful,telephone-wire,temper-trying,ten-billionfold,ten-cent,ten-day,ten-dollar,ten-fold,ten-foot-high,ten-foot-high,ten-inch,ten-mile,ten-minutes,ten-strike,ten-strikes,ten-thousand-dollar,ten-thousand-dollar,ten-thousandfold,ten-twelfths,ten-twenty-five,ten-twenty-five,tender-hearted,tenement-houses,tenth-story,test-exhibition,text-books,text-word,thin-legged,thin-spaced,third-class,third-rate,third-rates,thirty-eight,thirty-eighth,thirty-five,thirty-five-ball,thirty-five-ball,thirty-fold,thirty-foot,thirty-four,thirty-nine,thirty-odd,thirty-one,thirty-seven,thirty-six,thirty-sixth,thirty-three,thirty-two,thirty-twofive,thirty-year,thought-out,thought-transference,thous-and,thousand-dollar,thousand-fold,three-and-twenty,three-and-twenty,three-colored,three-fourths,three-gallon,three-hundredth,three-inch,three-line,three-minute,three-night,three-ply,three-quarters,three-servant,three-storey,three-storied,three-story,three-thousand-dollar,three-thousand-dollar,three-year-older’s,three-year-older’s,thumb-nail,thunder-and-lightning,thunder-and-lightning,thunder-breathing,thunder-bursts,thunder-clap,thunder-cloud,thunder-peals,thunder-storm,thunder-stroke,thunder-tones,ticket-taker,tid-bits,tiger-skin,time-honored,time-limit,time-limited,time-tables,time-worn,tin-pot,tin-ware,to-be,to-day,to-day’s,to-morrow,to-morrow’s,to-night,to-the-point,to-the-point,to-wit,toast-master,tobacco-curing,tobacco-fields,tobacco-growing,toll-road,tom-cats,tongue-tied,too-previous,tooth-ache,top-floor,tortoise-shell,tourist-resort,tow-headed,tow-linen,town-drunkard,town-drunkards,toy-watch,trade-dollar,trade-mark,trade-marks,trade-muskets,trade-publishing,trade-winds,train-bearers,train-time,tram-lines,transcript-unidentified,transportation-cash,transportation-facilities,transportation-information,travel-scraps,treasure-house,treasure-palace,tree-calf,triple-voiced,trouble-worn,trousers-pocket,trowsers-pocket,truculent-looking,trumpet-call,trunk-lies,truth-seekers,truth-speakers,truth-speaking,tuppence-ha’penny,turkey-call,turkey-gobbler,turkey-hen,turn-about,turning-point,turnip-eating,twelve-and-a-half,twelve-and-a-half,twelve-and-a-half,twelve-month,twelve-thousand-dollar,twelve-thousand-dollar,twentieth-century,twenty-dollar,twenty-eight,twenty-fifth,twenty-first,twenty-five,twenty-fivethree,twenty-four,twenty-fourth,twenty-nine,twenty-one,twenty-pound,twenty-second,twenty-seven,twenty-six,twenty-thirty-four,twenty-thirty-four,twenty-three,twenty-threefive,twenty-two,two-and-a-half,two-and-a-half,two-and-a-half,two-cent,two-dollar,two-fathoms,two-foot,two-handed,two-hour,two-hundred-foot,two-hundred-foot,two-hundredth,two-line,two-pound,two-score,two-seated,two-servant,two-story,two-tenths,two-thirds,type-copied,type-girl,type-machine,type-metal,type-setting,type-writer,type-writing,type-written,ultra-christian,ultra-fashionables,un-comely,un-invited,un-killable,unbusiness-like,under-blushed,under-bred,under-estimated,under-handed,under-study,unheard-of,unlooked-for,up-stairs,up-stream,up-to-date,up-to-date,up-town,upside-down,vacation-custom,vanity-devoured,vantage-ground,vari-colored,vice-president,vine-canopy,visiting-book,vote-bribes,vote-bribing,vote-buying,vote-purchasing,w-heat,w-hich,wage-earners,wage-earning,wage-work,waiting-refuge,waiting-room,waiting-time,waldorf-astoria,wall-paper,war-ships,war-spirit,war-whoop,warm-hearted,warm-heartedness,wash-bowl,wash-tub,washer-woman’s,waste-basket,waste-basketed,watch-chain,watch-chains,watch-springs,watch-works,water-butt,water-butts,water-color,water-colors,water-drinker,water-melon,water-melons,water-pots,water-spout,water-way,water-works,wax-figure,way-off,weak-looking,weather-boarding,weather-stains,wedding-clothes,wedding-date,weed-grown,week-days,week-long,well-behaved,well-being,well-beloved,well-constructed,well-defined,well-established,well-intentioned,well-known,well-mannered,well-matched,well-meaning,well-night,well-spring,well-taught,well-to-do,well-to-do,well-tried,well-trimmed,well-worn,west-northwest,westward-bound,wet-nurse,what’s-his-name,what’s-his-name,wheel-barrow,wheel-barrows,wheel-house,whiskey-straight,whisky-drench,whisky-soaked,whisky-straight,white-clad,white-coated,white-faced,white-haired,white-headed,white-hot,white-whiskered,whole-hearted,whoo-oop,wide-eyed,wide-spread,wide-west,wild-turkey,will-power,wind-swept,window-bars,window-blinds,window-catches,window-hangings,window-pane,window-panes,window-shades,window-shutters,window-sill,window-sills,wine-closet,wine-crop,wine-fragrance,wine-glasses,wine-growing,wine-making,wine-rooms,winter-quarters,winter-time,winter-work,wiped-out,withdrawing-room,witness-stand,women-folk,wonder-compelling,wonder-ful,wonder-working,wood-carving,wood-peckers,wood-pheasants,wood-rooms,wood-sawing,wood-smoke,wood-work,wooden-door,wool-stapler,wool-staplings,word-stream,work-basket,worked-out,working-man,working-moment,world-astonishing,world-famous,world-glorified,world-interest,world-provider,world-providers,world-questions,world-wide,world-will,world-worn,would-be,wrapping-paper,wrong-end,wrong-side,y-no,yard-long,year-and-a-half,year-and-a-half,year-and-a-half,year-long,year-old,yellow-velveted,yes-yes,york-chicago,young-looking,young-manhood
8217,a-tread’n,accidental’ly,accident’ly,actor’s,adam’s,administration’s,adversary’s,advocate’s,african’s,age’s,aguinaldo’s,ain’t,aladdin’s,alden’s,aldrich’s,alice’s,all’s,almighty’s,alway’s,ament’s,american’s,america’s,andrew’s,angel-fish’s,animal’s,anna’s,anne’s,another’s,antagonist’s,anybody’ll,anybody’s,apothecary’s,app’inted,archdeacon’s,archer’s,arc’s,aren’t,aristocrat’s,army’s,arthur’s,artist’s,ashcroft’s,association’s,attorney’s,audience’s,audubon’s,augur’s,augustus’s,aunt’s,author’s,autobiography’s,avebury’s,axe’s,baby’s,bacon’s,badeau’s,bailey’s,baker’s,ball’s,bardou’s,barnes’s,bartholomew’s,bateman’s,bausch’s,bear’s,bed’s,beecher’s,beginner’s,being’s,belgium’s,bell’s,benvenuto’s,berlin’s,bermuda’s,bible’s,bill’s,biographery’s,biography’s,bird’s,bishop’s,bjorgensen’s,blacksmith’s,blackwell’s,blank’s,bliss’s,board’s,boat’s,body’s,bohn’s,bones’s,book’s,booth’s,boston’s,bosworth’s,boucicault’s,bowditch’s,bowker’s,boy-brother’s,boy’s,brander’s,brevity’s,briggs’s,broker’s,brooks’s,brother-in-law’s,brother’s,brown’s,bryan’s,buckly’s,buckner’s,buggy’s,builder’s,bully’s,bully’sn,bull’s-eye,bunce’s,burke’s,burlingame’s,burton’s,butcher’s,butler’s,butterfield’s,butters’s,b’y,cable’s,caesar’s,camel’s,camel’s-hair,campbell’s,camp’s,canty’s,can’t,captain’s,carbuncle’s,carey’s,carleton’s,carlton’s,carnegie’s,carpenter’s,cartoonist’s,case-men’s,cat’s,cavallotti’s,cavalotti’s,cave’s,ca’mly,cellini’s,century’s,chairman’s,chamberlaines’s,champollion’s,chancellor’s,charles’s,charley’s,charlieey’s,charliey’s,charlie’s,chase’s,chidren’s,children’s,child’s,choate’s,christ’s,chronicler’s,churchill’s,church’s,citizen’s,city’s,claghorn’s,clairvoyant’s,clara’s,clark’s,clemens’s,clemen’s,clergyman’s,clerk’s,cleveland’s,client’s,clinton’s,club’s,coachman’s,colfax’s,collier’s,collins’s,colonel’s,colt’s,columbus’s,commission’s,committee’s,commodity’s,common-seaman’s,company’s,concern’s,concierge’s,conductor’s,congregation’s,congress’s,conqueror’s,consul’s,convention’s,cook’s,cooper’s,coppee’s,corelli’s,corporal’s,cosimo’s,costermonger’s,couldn’t,countess’s,country’s,count’s,court’s,cowboy’s,coxcomb’s,cox’s,craig’s,crane’s,creator’s,creature’s,croker’s,cromwell’s,crow’s,cult’s,cup-bearer’s,customer’s,cutter’s,czar’s,c’d,daguerre’s,daly’s,dana’s,dan’l,dan’l’s,dan’l’s,darwen’s,darwin’s,dasn’t,das’t,daughter’s,davis’s,dawson’s,day-king’s,day’s,dean’s,dearborn’s,death’s,decency’s,deer’s,deity’s,delicacy’s,delmas’s,delmonico’s,denis’s,dennis’s,department’s,depew’s,dep’t,devil’s,devil’s-witchcraft,dhe’d,diarist’s,dickens’s,dickinson’s,didn’t,disciple’s,doctor’s,dodge’s,doesn’t,dog’s,dolby’s,doll’s,donkey’s,donnelly’s,don’t,dorothy’s,doubleday’s,downey’s,dreamer’s,dream’s,driver’s,droope’d,droop’d,drunkard’s,duelist’s,duellist’s,duke’s,duncan’s,dundreary’s,duneka’s,durand’s,duty’s,dyke’s,d’affaires,d’alençon,d’arc,d’arc’s,d’arc’s,d’esprit,d’ordre,d’s,eagle’s,earl’s,earth’s,edison’s,editor’s,edward’s,elephant’s,elizabeth’s,ellsworth’s,else’s,emerson’s,emperor’s,enchantress’s,enemies’y’s,enemies’y’s,enemy’s,engineer’s,england’s,englishman’s,ericsson’s,estate’s,etta’s,europe’s,evening’s,event’s,everybody’s,everyone’s,everything’s,eve’s,ex-president’s,executive’s,exile’s,eye-witness’s,e’en,e’s,familie’s,family’s,fanshaw’s,farmer’s,fate’s,father-in-law’s,father’s,faxon’s,fellow-craftsmen’s,fellow’s,ferguson’s,fiddler’s,finn’s,fire-fiend’s,firm’s,fiske’s,fitch’s,fly’s,folk’s,footman’s,foreigner’s,form’s,fortnight’s,fortune-teller’s,fortune’s,foster’s,fowler’s,fo’castle,francesca’s,frank’s,fraud’s,frederick’s,freight-depôt’s,frenchman’s,friend’s,frohman’s,fruit’s,fuller’s,fulton’s,fuqua’s,galoot’s,garth’s,gebhart’s,gebrhardt’s,general’s,gentleman’s,gen’l,george’s,gerhardt’s,gilder’s,gillette’s,gillis’s,girl’s,gladstone’s,gleason’s,glidden’s,globe’s,glyn’s,god’s,goethe’s,goldsmith’s,goliath’s,goodman’s,goodwin’s,gossipper’s,gough’s,gould’s,government’s,governor’s,grandfather’s,grandmother’s,grandpapa’s,grandpa’s,grant’s,graphic’s,gray’s,greeley’s,greer’s,grindstone-man’s,gull’s,gwynn’s,hadn’t,hain’t,hale’s,half-hour’s,halley’s,halstead’s,hamersley’s,hamlet’s,hammerstein’s,handel’s,hand’s,hang’d,hank’s,hannah’s,hapgood’s,hardy’s,harm’s,harper’s,harrison’s,harris’s,harrod’s,harte’s,hartford’s,harvey’s,hasn’t,hattie’s,haven’t,hawley’s,hawthorne’s,hay’s,ha’ve,health’s,hearer’s,hearst’s,heart’s,heaton’s,helen’s,hell’s,help’s,henderson’s,henniker-heaton’s,henry’s,here’s,herndon’s,heroine’s,hero’s,hervy’s,hester’s,he’d,he’ll,he’s,hhe’s,hicks’s,higbie’s,historian’s,his’n,hobby-rider’s,hobby’s,hofer’s,holliday’s,holmes’s,homer’s,hood’s,hope’s,horace’s,hornet’s,horr’s,horse’s,host’s,hotel’s,houghton’s,hour’s,house-cat’s,housecat’s,house’s,howells’es,howells’s,howe’s,how’s,hubbard’s,huck’s,hudson’s,humorist’s,hunter’s,huntingdon’s,hurrah’d,husband’s,hutton’s,h’s,ibsen’s,idiot’s,ii’s,indian’s,inflict’s,informant’s,inspector’s,institute’s,int’rested,invalid’s,isn’t,it’ll,it’s,i’d,i’ll,i’m,i’s,i’ve,jackson’s,jacobs’s,jake’s,james’s,jane’s,jeanne’s,jean’s,jennie’s,jerome’s,jew’s,jim’s,jjunior’s,joan’s,joe’s,johnson’s,john’s,jones’s,joseph’s,journeyman’s,journey’s,judge’s,junior’s,jupiter’s,kaiser’s,kangaroo’s,katy’s,keeler’s,keep’s,keller’s,kercheval’s,king’s,kinney’s,kipling’s,kirchhof’s,kirkham’s,knight’s,knowles’s,know’s,krumm’l,laborer’s,lady’s,lad’s,laird’s,lambton’s,lampton’s,landgon’s,landlady’s,langdon’s,lang’s,larchmont’s,latecommanderinchiefoftheforce’swidow,launcelot’s,laura’s,lauterbach’s,lawrence’s,lawson’s,lawyer’s,leadsman’s,leadsmen’s,league’s,lecture’s,lee’s,legislator’s,leopold’s,lester’s,letter’s,let’s,lewis’s,librarian’s,library’s,life’s,lincoln’s,lion’s,lipton’s,livy’s,liv’st,llet’s,lloyd’s,log-house’s,logan’s,london’s,longfellow’s,long’s,lord’s,lover’s,love’s,loyd’s,lyell’s,lyons’s,lyon’s,l’année,l’auteur,l’autorisation,l’index,l’ouvrage,l’s,l’universit,l’universite,machine’s,macmillan’s,macy’s,madam’s,mae’s,magazine’s,magician’s,magistrate’s,maid’s,main-to’gallant,major’s,malone’s,mamma’s,manley’s,man’s,marconi’s,margaret’s,marguerite’s,maria’s,marie’s,marino’s,mark-twain’-loving,mark’s,marshal’s,marsh’s,martyr’s,mary’s,mash’s,mask’s,mason’s,massiglia’s,master’s,mate’s,matthews’s,mayor’s,mccall’s,mcclellan’s,mcclure’s,mccullough’s,mccurdy’s,mcgraw’s,mckinley’s,mean’s,medill’s,membership’s,memory’s,men’s,meredith’s,messenger’s,millet’s,millionaire’s,mind’s,miner’s,mine’s,minister’s,minute’s,mississippi’s,mistress’s,mitchell’s,mit’m,mman’s,moffett’s,mole’s,moment’s,monarchist’s,monarch’s,money’s,monkey’s,month’s,morgan’s,morning’s,morris’s,morse’s,mother’s,mrslatecommanderinchiefofthepolicedepartment’swidow,mugwump’s,munro’s,murderer’s,murray’s,mustn’t,münchausen’s,name’s,narrator’s,nasby’s,nation’s,native’s,naturalist’s,nature’s,needn’t,neighbor’s,nellie’s,neptune’s,nesbit’s,nevinson’s,nevison’s,new-year’s,newcomb’s,newman’s,newspaper’s,news’s,ne’er,ne’er-do-weels,niblo’s,night’s,nip’s,noah’s,nobody’s,nor’-nor’east,nor’-nor’east,nurse’s,nye’s,n’ont,n’t,offender’s,offerer’s,olivia’s,olney’s,one’s,on’t,operator’s,opponent’s,optimist’s,orator’s,orchestra’s,orion’s,osborn’s,osgood’s,other’s,oughtn’t,our’s,outsider’s,owner’s,o’brien,o’callahan,o’clock,o’connor,o’day,o’dogherty,o’er,o’hagan,o’hagean,o’hara’s,o’hara’s,o’mulligan,o’neill,o’reilly,padrone’s,paige’s,paine’s,palmist’s,papa’s,paper’s,parcel’s,parker’s,park’s,parrot’s,parsloe’s,party’s,passenger’s,patient’s,patrick’s,patsy’s,pauper’s,pavey’s,pawnbroker’s,peake’s,peasant’s,penny’s,penny’s-worth,people’s,perkins’s,person’s,person’sggods,person’sgods,peter’s,pharaoh’s,phelps’s,philadelphia’s,phillips’s,phillip’s,physician’s,pickering’s,picquart’s,piece’s,pierce’s,piety’s,pilgrim’s,pilot’s,pirate’s,pliny’s,plummet’s,pocahontas’s,poet’s,pond’s,poo-poo’d,porter’s,portier’s,post-master’s,postmaster’s,preacher’s,predecessor’s,president’s,prey’s,pride’s,priest’s,prime’s,princessw’s,princess’s,prince’s,printer’s,prisoner’s,private’s,professional’s,professor’s,proof’s,prophet’s,proprietor’s,providence’s,publisher’s,publishing-house’s,pudd’nhead,pulitzer’s,pulpit’s,punch’s,purser’s,quartz-mill’s,queen’s,qu’ils,race’s,rain’s,rascal’s,raven’s,rawlinson’s,raymond’s,reader’s,reade’s,rector’s,rec’d,redpath’s,rees’s,reid’s,reporter’s,reputation’s,respect’s,reuter’s,reviewer’s,revivalist’s,re’cd,rhodes’s,rice’s,richardson’s,richmond’s,ridder’s,rider’s,riggs’s,road’s,roberston’s,robinertson’s,robinson’s,rockefeller’s,rodman’s,rogers’s,rome’s,room’s,roosevelt’s,root’s,rosa’s,russia’s,ruth’s,safety’s,sagan’s,sage’s,saint-gaudens’s,sam’s,sandy’s,sartain’s,saturday’s,savior’s,saviour’s,saviousr’s,sawyer’s,say’s,scheme’s,schoolboy’s,schubert’s,schumann’s,schurz’s,scott’s,scoundrel’s,scribner’s,sculptor’s,seaman’s,seamen’s,search-party’s,season’s,secretary’s,seem’s,self-respect’s,self-respet’s,sellers’s,sembrich’s,senator’s,serpent’s,seward’s,sexton’s,sex’s,shakespeare’s,shakspeare’s,shame’s,shan’t,shaw’s,sha’n’t,sha’n’t,sheridan’s,sherman’s,sherry’s,she’d,she’ll,she’s,she’sd,ship’s,shouldn’t,sickles’s,side’s,silverman’s,simeon’s,singer’s,sister’s,slc’s,slee’s,smalley’s,smith’s,society’s,soldier’s,somebody’s,son’s,sothern’s,soul’s,south’s,speaker’s,spectator’s,sperling’s,squirrel’s,stanford’s,stanley’s,state-man’s,stateman’s,statesman’s,state’s,statute’s,stead’s,steamer’s,stedman’s,stephen’s,stevenson’s,steve’s,stoddard’s,stomach’s,stone-cutter’s,stormfield’s,stove’s,stowe’s,stranger’s,strohmayer’s,stromeyer’s,student’s,subject’s,suicide’s,sullivan’s,summer’s,sup’t,susiey’s,susie’s,susyie’s,susy’s,swclinton’s,swede’s,swinton’s,sylva’s,table’s,tafft’s,taft’s,tale’s,talker’s,tauchnitz’s,taylor’s,tchaykoffsky’s,teacher’s,teetotaler’s,telegraph’s,telephone’s,temple’s,tend’s,tennessee’s,tennyson’s,terry’s,that’s,them’s,theodore’s,theologian’s,there’ll,there’s,they’d,they’ll,they’re,they’ve,thief’s,thing’s,think’s,thompson’s,thou’rt,three-year-older’s,times’s,to-day’s,to-morrow’s,tomorrow’s,tom’s,tongue’s,town’s,trade’s,traveler’s,trent’s,tribe’s,trumbull’s,tuppence-ha’penny,twain’s,tweed’s,twichell’s,twitchell’s,typist’s,tzhildebrand’s,tzwzfzhopowic’s,t’other,uncle’s,university’s,vanderbilt’s,vanity’s,veitch’s,vessel’s,victim’s,victoria’s,villager’s,vinne’s,visitor’s,vittorio’s,v’s,wagner’s,wakeman’s,wales’s,walker’s,wallack’s,walters’s,want’s,ward’s,warner’s,warn’t,warsn’t,washer-woman’s,washerwoman’s,washington’s,wasn’t,wasp’s,was’t,watch’s,wa’n’t,wa’n’t,weaver’s,webb’s,webster’s,week’s,welshman’s,weren’t,westminster’s,we’d,we’ll,we’ve,what’ll,what’s,what’s-his-name,whiteley’s,whitely’s,white’s,whitney’s,whittier’s,who’s,wife’s,wilberforce’s,wilbur’s,williams’s,will’s,wind’ard,wing’s,winkle’s,winter’s,witche’s,witch’s,wolf’s,woman’s,women’s,won’t,wood’s,word’s,world’s,wouldn’t,wright’s,writer’s,wuürtemberg’s,würtemberg’s,w’d,w’s,x’s,year’s,yesterday’s,yiste’day,yonder’s,york’s,young’s,your’s,youth’s,you’d,you’ll,you’r,you’re,you’ve,y’s,z’s
235,aeërial,freëst
47,americadbll/dbln,c/o,capitals/small,deletion/insertion,that/a
233,ameélie,amélie,anneée,année,considérant,crédit,célèbre,deébut,deétruit,début,dépêche,détruit,hélène,l’année,matinée,neée,née,protég,protégés,protégés,prétexte,régime,résum,seéance,széchényi,széchényi,séance
228,attentäter,attentäterlattengitterwetterkotterbeutelratte,claärchen,clärchen,faähig,gnädige,hof-fähig,hottentotenstrottelmutterattentäterlattengitterwetterkotterbeutelratte,hottentotenstrottermutterattentäter,hottentotenstrottertrottelmutterattentäter,strättertrotel,träume
232,bibliothèque,celèbre,compeiiègne,compieègne,compiègne,célèbre,forkeèd,forkèd,heleène,hélène,lumière,matinèe,porte-cocheère,porte-cochère
252,blüthezeit,daruüber,darüber,frühlingsnacht,grünfeldt,jürgensen,müller,münchausens,münchausen’s,realschüler,volapück,wuürtemberg,wuürtemberg’s,würtemberg,würtemberg’s
224,bric-aà-brac,bric-aà-bracs,bric-à-brac,bric-à-bracs
246,börsendorfersaal,bösendorfersaal,körner,mönch,petöfi
234,crêpe,dépêche,feête,feêted,feêtes,fête,fêted,fêtes
39,didn't
231,d’alençon
244,freight-depôt’s,roôle,rôle,rôles
168,gruu¨nfeldt
93,missouri]chapter
239,naiïve,naïve,naïvely,naïvet
241,señor
367,taůchnitz
